14_GLN,-9.01368901172878
15_CYS,-18.94037098059941
16_VAL,-17.067395846932214
17_ASN,-52.6633491546148
18_LEU,-29.44918832201956
19_THR,14.219910734619706
20_THR,16.61740848650453
21_ARG,45.150087181469
22_THR,16.192284945332855
23_GLN,7.874206654718551
24_LEU,7.300534563694834
25_PRO,7.0082607219155815
26_PRO,3.218016149329255
27_ALA,-3.2639350869708776
28_TYR,-39.00538833440264
29_THR,-20.97888392266748
30_ASN,2.3372356004637496
31_SER,20.212787521813816
32_PHE,23.147049307540634
33_THR,8.707783365071581
34_ARG,76.662979239567
35_GLY,-7.939313942927015
36_VAL,-31.027866103361532
37_TYR,-12.199026938333962
38_TYR,-20.011791368353755
39_PRO,3.587578011108741
40_ASP,-18.029666839407874
41_LYS,14.537595332823594
42_VAL,-7.482795546046475
43_PHE,-12.787782068160277
44_ARG,41.61078854132212
45_SER,8.891638357211413
46_SER,12.336817054136386
47_VAL,44.61664283472547
48_LEU,78.1411731857443
49_HIS,138.58476274482757
50_SER,42.648203716952274
51_THR,32.91987127486146
52_GLN,13.309116645719353
53_ASP,5.879023401994681
54_LEU,11.479858644877979
55_PHE,-27.11901733403466
56_LEU,-41.63973137661443
57_PRO,-37.43114388949077
58_PHE,-78.20927463037329
59_PHE,-26.258778120560986
60_SER,-20.472197261269283
61_ASN,-34.292715634137274
62_VAL,-22.454379718934355
63_THR,15.026171643279138
64_TRP,15.045678244103147
65_PHE,16.082100923778754
66_HIS,60.86150687518432
67_ALA,26.66690672502804
68_ILE,40.38842267254243
69_HIS,44.44892932690589
77_LYS,32.525318304953316
78_ARG,63.417411275725115
79_PHE,-58.070906268817524
80_ASP,-15.332458273830023
81_ASN,-49.279290958868835
82_PRO,2.1153840934579398
83_VAL,5.690520657540932
84_LEU,25.889160182858237
85_PRO,11.684237683942282
86_PHE,38.40449276066071
87_ASN,10.38894255517133
88_ASP,4.559667549343379
89_GLY,6.74410622177838
90_VAL,4.447912187165659
91_TYR,-33.539623071415065
92_PHE,27.678789602392506
93_ALA,22.461476186243136
94_SER,23.00943539850217
95_THR,22.751235569678045
96_GLU,99.20512933515114
97_LYS,131.8088456402697
98_SER,61.92349588752715
99_ASN,53.15353341069243
100_ILE,50.78453858617193
101_ILE,41.757505871792745
102_ARG,73.89225274841931
103_GLY,21.422764007698678
104_TRP,53.764090613311126
105_ILE,45.89859130047048
106_PHE,87.71588213355656
107_GLY,43.920378388147185
108_THR,56.3300732132181
109_THR,30.461656970296595
110_LEU,-4.637340983287718
111_ASP,-17.550273096429656
112_SER,-8.495153782100292
113_LYS,20.634562528872635
114_THR,38.34842136699513
115_GLN,12.398382306106125
116_SER,27.54752091269839
117_LEU,52.51799188363886
118_LEU,62.0910075474994
119_ILE,47.9883117808519
120_VAL,43.46874425926954
121_ASN,39.28680161663298
122_ASN,-17.251685877172637
123_ALA,-13.38886529525887
124_THR,10.100161715657196
125_ASN,22.437196320663574
126_VAL,32.34109592424498
127_VAL,23.767315874999852
128_ILE,29.292296644671893
129_LYS,43.48458224780106
130_VAL,-20.210191637250624
131_CYS,2.0336609165046475
132_GLU,-9.427325482757137
133_PHE,57.81427791625411
134_GLN,27.779128294375838
135_PHE,-47.872679277898136
136_CYS,-40.36613103607058
137_ASN,-51.661510104537705
138_ASP,-96.79944526927311
139_PRO,6.165598374554353
140_PHE,-3.543648905343952
141_LEU,28.35739142902012
142_GLY,39.35473144330318
143_VAL,103.38695279980988
144_TYR,-17.63235013917702
145_TYR,68.15885020092466
146_HIS,158.88073762542112
147_LYS,41.192660881578455
148_ASN,9.099862398841923
149_ASN,15.771640640736443
150_LYS,34.62102527477799
151_SER,26.35184017156653
152_TRP,26.937470387307137
153_MET,16.3833641301957
154_GLU,-11.855997390523308
155_SER,-23.432927185294453
156_GLU,-87.26618609718724
157_PHE,29.02061491717902
158_ARG,27.505694220283917
159_VAL,70.53387686534883
160_TYR,73.09588772069961
161_SER,25.1967094616579
162_SER,13.708484283954345
163_ALA,12.036285965812551
164_ASN,-10.21026440214557
165_ASN,-13.454453496097585
166_CYS,-7.782712543286779
167_THR,-9.67815832856294
168_PHE,-4.886632783036683
169_GLU,-7.214291708292277
170_TYR,18.24978771809601
171_VAL,9.59016573270404
172_SER,5.467411071244293
173_GLN,4.217227271943907
174_PRO,-3.124917154241972
175_PHE,7.367373167141167
176_LEU,1.486768441589314
177_MET,-1.3202251070843785
178_ASP,-25.30793680336605
179_LEU,-16.48640809065096
180_GLU,-9.620471864973883
181_GLY,1.8882404001537916
182_LYS,32.06092295406393
183_GLN,47.02364750223017
184_GLY,36.551497633929756
185_ASN,63.37287660852296
186_PHE,56.190752322768915
187_LYS,82.42846513768332
188_ASN,76.13364307221632
189_LEU,56.024896784326394
190_ARG,88.73851975679094
191_GLU,-8.595643610074472
192_PHE,58.59039277567453
193_VAL,40.14698109063833
194_PHE,39.779058951144705
195_LYS,126.81841765716064
196_ASN,58.622525966879
197_ILE,8.45302487570668
198_ASP,-10.594808348795851
199_GLY,16.21199155366988
200_TYR,10.327176257760435
201_PHE,27.465619904972293
202_LYS,52.36398812264271
203_ILE,33.01658632886783
204_TYR,39.42987029050649
205_SER,24.134602904188924
206_LYS,43.49070766674476
207_HIS,75.60726964820772
208_THR,36.490999891991805
209_PRO,15.291414647575248
210_ILE,24.544038498130053
211_ASN,15.960141591371407
212_LEU,31.986892694080595
213_VAL,18.897242744050555
214_ARG,35.735945300495835
215_ASP,16.505713954145314
216_LEU,45.4060821173706
217_PRO,25.487723919298094
218_GLN,7.10612878248083
219_GLY,13.543647913398136
220_PHE,-25.57286624138588
221_SER,4.941732343279421
222_ALA,-11.117856162426833
223_LEU,-24.46177091281001
224_GLU,-7.264791152460442
225_PRO,5.490552668458146
226_LEU,1.2630613226423888
227_VAL,-15.248783709594473
228_ASP,0.5061489299776385
229_LEU,0.8687995053368285
230_PRO,-7.213386878078827
231_ILE,57.38266459525005
232_GLY,10.742153180994613
233_ILE,31.69229377604363
234_ASN,20.74911628097482
235_ILE,46.23580823178394
236_THR,20.40183094178426
237_ARG,43.560374675345855
238_PHE,37.73218161361717
239_GLN,3.856655250703641
240_THR,20.02821451970674
241_LEU,53.20758208625657
242_LEU,37.895059952028966
243_ALA,40.951237079587415
244_LEU,60.490191434688086
245_HIS,132.09152157917387
246_ARG,121.90299561389585
247_SER,41.89619688899301
255_SER,1.494414242020337
256_SER,11.811690859837777
257_GLY,28.04578785178581
258_TRP,35.69977737801923
259_THR,35.79385132742359
260_ALA,30.575818762924083
261_GLY,32.287675750805136
262_ALA,12.033354189313247
263_ALA,1.2105407940361244
264_ALA,9.326651863732344
265_TYR,9.298159473564699
266_TYR,27.186024345220286
267_VAL,15.005441946180683
268_GLY,-1.07414627320511
269_TYR,-0.026572882687825317
270_LEU,11.828412290976178
271_GLN,3.4315911511675323
272_PRO,-2.9009458949809095
273_ARG,-28.09582220287953
274_THR,-6.070250640140702
275_PHE,-12.926432189373159
276_LEU,50.88633535015923
277_LEU,54.04643113634391
278_LYS,43.556937759727695
279_TYR,87.07520750386468
280_ASN,30.574371806235032
281_GLU,-9.506480764416047
282_ASN,-5.179637739032752
283_GLY,6.879256237107669
284_THR,16.274132578198486
285_ILE,25.21903909965951
286_THR,0.9692431360212908
287_ASP,-20.90286501074391
288_ALA,-23.589500621741607
289_VAL,-34.67662006572126
290_ASP,-55.25398730556335
291_CYS,-27.27839804282995
292_ALA,-40.572086404261384
293_LEU,-37.1887121865937
294_ASP,-24.018516841319922
295_PRO,-13.741542955267354
296_LEU,-11.638137244029606
297_SER,-11.93473114665715
298_GLU,-9.917806599078133
299_THR,27.100121574690462
300_LYS,24.783508922685392
301_CYS,1.832528065122975
302_THR,16.921773951573684
303_LEU,28.45918197327539
304_LYS,63.708204440325744
305_SER,24.86770151517819
306_PHE,22.61775950311315
307_THR,0.8416020777831243
308_VAL,-17.16715154961142
309_GLU,-34.68994136688438
310_LYS,-17.161051980358263
311_GLY,-18.811812922141335
312_ILE,-26.498757686978497
313_TYR,-17.556157813437835
314_GLN,-35.40880767970431
315_THR,-25.957487959754392
316_SER,-11.783768674372768
317_ASN,-24.281093688826356
318_PHE,-18.48236749337056
319_ARG,7.968451431747524
320_VAL,33.51814931122037
321_GLN,15.124174656333706
322_PRO,6.6532691318875825
323_THR,6.318875672762172
324_GLU,-0.5932299290830745
325_SER,8.403719420856689
326_ILE,10.991182030389709
327_VAL,31.764846800733007
328_ARG,66.00416637973095
329_PHE,17.618730617281134
330_PRO,2.6373892991243872
331_ASN,-5.167827500063571
332_ILE,-7.0020681516698
333_THR,12.173613908518849
334_ASN,16.146281329098766
335_LEU,14.419525842430458
336_CYS,45.67308919582044
337_PRO,47.5822167177877
338_PHE,36.4233945314215
339_GLY,9.052789967050701
340_GLU,32.06819864010891
341_VAL,16.09055353179295
342_PHE,5.291091394814944
343_ASN,6.346062764934496
344_ALA,14.718933041100172
345_THR,28.987183237849578
346_ARG,36.56230692294587
347_PHE,45.75311486066798
348_ALA,2.2614971599544935
349_SER,1.0268409509821952
350_VAL,16.937674623310713
351_TYR,51.95662016334689
352_ALA,6.059425606666085
353_TRP,-117.35278566548484
354_ASN,-6.2442231532324
355_ARG,-11.032973676062841
356_LYS,75.08480717106967
357_ARG,63.937053982688155
358_ILE,37.093590503038506
359_SER,12.03640283421223
360_ASN,7.329078358008223
361_CYS,-5.911496208917203
362_VAL,-1.893109856781205
363_ALA,-4.241488317118591
364_ASP,2.2867967794582054
365_TYR,-10.304836284713986
366_SER,7.124923219447135
367_VAL,-12.71951307504224
368_LEU,-7.754078715159549
369_TYR,-3.002710182925517
370_ASN,-3.8148567814629066
371_SER,-2.6809089050764685
372_ALA,-1.9174151626884601
373_SER,0.14875146637343506
374_PHE,-13.227116094746615
375_SER,1.1637328425518745
376_THR,6.081634081632665
377_PHE,12.370231471723326
378_LYS,16.005050597710692
379_CYS,11.15553341633104
380_TYR,22.666859281620518
381_GLY,2.95434894393462
382_VAL,46.912424914984776
383_SER,37.791234318022376
384_PRO,20.76211317884139
385_THR,32.895863715423644
386_LYS,32.22859404842643
387_LEU,16.469314855732563
388_ASN,-6.042749692958814
389_ASP,-14.181398624124313
390_LEU,-36.55278999260248
391_CYS,-8.44026776725719
392_PHE,40.592535608341194
393_THR,39.89452596656485
394_ASN,42.68850887605385
395_VAL,4.84761966759406
396_TYR,-15.005122672533249
397_ALA,-43.90128715556628
398_ASP,-91.80927844991885
399_SER,-14.519377491231893
400_PHE,-93.87170031148942
401_VAL,-28.195553499331986
402_ILE,-25.47492763262896
403_ARG,6.093740644501864
404_GLY,-0.18573378953861186
405_ASP,1.634386880320485
406_GLU,-2.870799454629628
407_VAL,5.447394850743441
408_ARG,15.534546512897068
409_GLN,-0.32805221686232544
410_ILE,-6.241247509945857
411_ALA,7.225446656276017
412_PRO,12.165833409797042
413_GLY,4.244760729440485
414_GLN,24.19973493661736
415_THR,8.444129186744853
416_GLY,6.9667665712459605
417_LYS,-30.48415995682299
418_ILE,-5.143920915332068
419_ALA,-13.14593416994045
420_ASP,-24.009336910930962
421_TYR,-28.152431141675617
422_ASN,-29.982517370415184
423_TYR,-46.582498329737525
424_LYS,33.88188889973305
425_LEU,16.456960722575865
426_PRO,-12.60857349639204
427_ASP,-18.636210135335613
428_ASP,-11.556030388497453
429_PHE,46.7249407115502
430_THR,24.054556879792457
431_GLY,27.177247476063023
432_CYS,16.690446737250568
433_VAL,11.838286712191934
434_ILE,6.075738647199731
435_ALA,12.91034971731506
436_TRP,11.560083706180341
437_ASN,2.4013863403880826
438_SER,-1.3593355923648016
439_ASN,5.9568385992439765
440_ASN,13.35988474945882
441_LEU,-0.22261394709287718
442_ASP,-8.04100824323158
443_SER,7.428970274050173
444_LYS,27.0990488115316
445_VAL,10.523491442078363
446_GLY,6.337205006087167
447_GLY,28.727608035582254
448_ASN,14.542492820006517
449_TYR,-1.5186988528848016
450_ASN,10.802600739157242
451_TYR,5.365655955372135
452_LEU,30.683172277954107
453_TYR,67.46008436361564
454_ARG,79.30375163596975
455_LEU,37.64562325194972
456_PHE,7.735968732728919
457_ARG,9.747226579921659
458_LYS,-2.863931681643891
459_SER,-18.666653480995432
460_ASN,-22.891389753398204
461_LEU,-18.942823924317526
462_LYS,-7.542954166765729
463_PRO,-1.50475984183709
464_PHE,-71.93331391229437
465_GLU,-31.98025878432193
466_ARG,7.236998415381794
467_ASP,-15.119001046583712
468_ILE,16.301466640237727
469_SER,19.476217234982364
470_THR,1.917624843784623
471_GLU,9.56575147979334
472_ILE,1.4182020614202981
473_TYR,-4.0142281791910435
474_GLN,2.7211576013867855
475_ALA,3.0310442463720872
476_GLY,11.635707791471567
477_SER,7.818283671645755
478_THR,-10.3821235340166
479_PRO,-21.164211904379805
480_CYS,-10.043370317018525
481_ASN,-13.7532712830019
482_GLY,-12.598075662176935
483_VAL,-14.855084175010768
484_GLU,-11.734604488441818
485_GLY,2.688424238332528
486_PHE,5.285517928948313
487_ASN,-12.56790879446612
488_CYS,-12.612261719751224
489_TYR,14.39794743652224
490_PHE,55.54978260593615
491_PRO,45.82511176015916
492_LEU,34.31653928750724
493_GLN,0.5083613170077392
494_SER,4.417316736210828
495_TYR,28.292403317645903
496_GLY,15.261887536870105
497_PHE,17.60332169278079
498_GLN,15.313215065019875
499_PRO,-1.273225374332381
500_THR,5.3017026482560405
501_ASN,13.272501666524082
502_GLY,3.917309961632359
503_VAL,-0.7685082580633719
504_GLY,16.346159485452123
505_TYR,19.199948116428025
506_GLN,-13.562040011468788
507_PRO,-11.78530854457026
508_TYR,-11.987190122962549
509_ARG,-11.034682118988705
510_VAL,-10.552381053858081
511_VAL,-7.201819449073877
512_VAL,-14.373669924972546
513_LEU,-26.67366768715344
514_SER,-8.585445723210508
515_PHE,-2.578046155229738
516_GLU,16.57714566811778
517_LEU,17.27581973443768
518_LEU,23.740424826992875
519_HIS,32.360933725459304
520_ALA,32.037253725815276
521_PRO,3.9552033342467023
522_ALA,3.460224822874853
523_THR,13.817884679105347
524_VAL,17.53053523402925
525_CYS,-9.670766541973107
526_GLY,-1.7437374105794072
527_PRO,9.489021316618349
528_LYS,17.659669742959057
529_LYS,16.750657953343786
530_SER,15.526143654609823
531_THR,10.922247111159502
532_ASN,7.2862061188406235
533_LEU,3.858543398483638
534_VAL,15.847497324945916
535_LYS,18.12730866702774
536_ASN,18.985374869398917
537_LYS,34.77337891118564
538_CYS,41.41226554355892
539_VAL,2.2839947660316655
540_ASN,5.623434746270311
541_PHE,-16.745058729706614
542_ASN,0.9984720593292591
543_PHE,1.6032214036988393
544_ASN,0.6964977456518691
545_GLY,-10.329532402924581
546_LEU,-12.416955830442328
547_THR,-8.602109755540623
548_GLY,0.8814276299547942
549_THR,-6.77490737043027
550_GLY,-7.605465918239051
551_VAL,-3.123949887079693
552_LEU,-8.733599489005954
553_THR,-37.235946019545544
554_GLU,-30.855230081464452
555_SER,-29.631773146897256
556_ASN,-25.890455097329976
557_LYS,-4.405158738468098
558_LYS,-6.1640686011238675
559_PHE,-19.312610982921555
560_LEU,8.93350230177218
561_PRO,16.70134959283184
562_PHE,26.596367013353856
563_GLN,37.664459765460386
564_GLN,34.84124043918424
565_PHE,-1.7129410473797777
566_GLY,-12.669046375619148
567_ARG,-19.685560117706558
568_ASP,-18.115508261109348
569_ILE,-12.000676094648128
570_ALA,-13.740742252493758
571_ASP,-9.210547139775757
572_THR,-14.619856479423026
573_THR,-32.07790631885892
574_ASP,-38.066459641134784
575_ALA,-9.865598395990865
576_VAL,-42.277977117819766
577_ARG,-2.0808694115794513
578_ASP,-16.068566726018325
579_PRO,23.151156605712234
580_GLN,-43.52496224170069
581_THR,-58.72583109938201
582_LEU,-81.57357211767423
583_GLU,-123.26150734558198
584_ILE,-81.59231149698486
585_LEU,-95.24611492388004
586_ASP,-55.25031316740886
587_ILE,-25.432597780367132
588_THR,-19.01852455494712
589_PRO,28.6583450412294
590_CYS,16.44008496871394
591_SER,-24.68793719366829
592_PHE,-90.7692557028115
593_GLY,-47.005245035038214
594_GLY,-40.655295013830695
595_VAL,-36.11689159620829
596_SER,-20.38906322345837
597_VAL,-32.508481976760976
598_ILE,-43.91456990581362
599_THR,-33.17529506812675
600_PRO,4.346508722073269
601_GLY,-7.753509670765169
602_THR,-0.008699801913578956
603_ASN,-6.24101974879522
604_THR,-6.327321819803725
605_SER,-18.838147026900465
606_ASN,-48.5704586451509
607_GLN,-50.262644501652915
608_VAL,-35.390500898346474
609_ALA,-40.297493690260254
610_VAL,-41.662152556178754
611_LEU,-98.26935452763581
612_TYR,-78.4229286971192
613_GLN,-66.6256169979259
614_ASP,-82.45325096081852
615_VAL,-44.475869936457194
616_ASN,-14.779536183930475
617_CYS,-10.552910049855955
618_THR,-50.36445642667694
619_GLU,-42.74735604057603
620_VAL,-13.590020793129083
641_ASN,-20.75034731072849
642_VAL,-23.745380721759215
643_PHE,-14.961293103204628
644_GLN,35.193131482691186
645_THR,60.84673638040892
646_ARG,24.93484664854673
647_ALA,-5.306681338435184
648_GLY,-35.63481470091259
649_CYS,-63.03520057647315
650_LEU,-38.54791171713962
651_ILE,-35.85632658417356
652_GLY,-5.936857467865881
653_ALA,-15.543809853222546
654_GLU,-6.105961649650539
655_HIS,14.19832602883122
656_VAL,0.8096734450226153
657_ASN,-8.451889943014011
658_ASN,-15.896756647031653
659_SER,-10.805008396831544
660_TYR,-18.21270537705867
661_GLU,-12.160532676078542
662_CYS,-28.29932500790142
663_ASP,-11.15640710186508
664_ILE,-11.895270315600833
665_PRO,-14.781980031419556
666_ILE,-5.791424837865773
667_GLY,10.59846936582019
668_ALA,11.367767950391398
669_GLY,-1.1460171905045498
670_ILE,-7.6851379914498015
671_CYS,-7.05891190497071
672_ALA,3.21349915384841
673_SER,1.7568159886465216
674_TYR,5.355398935803167
675_GLN,-2.9092003280794776
676_THR,-7.667036969607649
689_SER,-7.751870986246436
690_GLN,-22.401027533103502
691_SER,-0.5873396229866423
692_ILE,5.681150248259851
693_ILE,9.322135346734003
694_ALA,-17.760219260304854
695_TYR,-15.146801431941814
696_THR,0.42772340022547806
697_MET,-3.191216227811248
698_SER,-3.121084718816299
699_LEU,0.6296227828894189
700_GLY,-1.880288036106252
701_ALA,-5.599227627225407
702_GLU,-9.21202849424759
703_ASN,-5.587272157358771
704_SER,-4.39092155589858
705_VAL,-2.409737730487261
706_ALA,-7.568715681519342
707_TYR,-14.573023112212777
708_SER,4.0232823143770675
709_ASN,0.43437702263790157
710_ASN,4.774008079365362
711_SER,8.771083964155997
712_ILE,-9.297562635634698
713_ALA,-14.060519311800036
714_ILE,-13.350653903509766
715_PRO,-3.0893074347320937
716_THR,3.9157847272791315
717_ASN,-6.192798442722196
718_PHE,-0.06673781779716137
719_THR,34.32646937145488
720_ILE,38.67626710761291
721_SER,16.741661288949135
722_VAL,8.095451721365887
723_THR,42.526848229420054
724_THR,56.440156937884915
725_GLU,60.66574717722581
726_ILE,30.845466237885674
727_LEU,21.177790199093625
728_PRO,-2.9191640618598145
729_VAL,34.456612970463304
730_SER,71.41097707915068
731_MET,81.09073862441508
732_THR,67.76188873184633
733_LYS,94.65822707192716
734_THR,71.92556904106577
735_SER,-8.4463970936918
736_VAL,-11.710180825396726
737_ASP,14.006471389184576
738_CYS,-1.8944469345467376
739_THR,-6.747081754235461
740_MET,-11.169073801826574
741_TYR,18.452575023853203
742_ILE,21.051270555750005
743_CYS,-11.901843459922498
744_GLY,-11.125194440196761
745_ASP,-11.596203035234462
746_SER,2.9849675000112526
747_THR,-5.8888500382584485
748_GLU,10.362817785717835
749_CYS,6.643991616356897
750_SER,4.332497025579096
751_ASN,-10.635262490067143
752_LEU,-5.780213730389627
753_LEU,-0.332572608481587
754_LEU,-1.93409451132529
755_GLN,-5.800616011346195
756_TYR,5.30174351467107
757_GLY,23.240538363696764
758_SER,62.2547947394849
759_PHE,69.70509362343677
760_CYS,25.41172311782563
761_THR,56.74804926472533
762_GLN,79.92097755771587
763_LEU,33.0607170056455
764_ASN,30.092871997562415
765_ARG,39.290772804947814
766_ALA,42.70794668973295
767_LEU,42.57197345218697
768_THR,27.03429643744815
769_GLY,30.354261536946463
770_ILE,44.583715465049025
771_ALA,10.364350899972786
772_VAL,27.081467141603188
773_GLU,32.15748420763971
774_GLN,6.538974478431102
775_ASP,8.901671157431975
776_LYS,-2.1592913660623774
777_ASN,-6.749918903892056
778_THR,-3.638451202225622
779_GLN,-28.79427276402582
780_GLU,-30.60781665346778
781_VAL,-19.060690134878943
782_PHE,-21.73490467597166
783_ALA,-9.994981237743115
784_GLN,-2.438542823109295
785_VAL,-0.2720810470142978
786_LYS,8.508601370316585
787_GLN,9.421268813204343
788_ILE,7.825544212548154
789_TYR,-14.258556771617027
790_LYS,52.04407053645976
791_THR,44.40996509015724
792_PRO,38.548967790388126
793_PRO,13.508490707148516
794_ILE,4.579237878404344
795_LYS,15.559092081434006
796_ASP,0.8985640006255002
797_PHE,28.31767204898721
798_GLY,2.539329542042347
799_GLY,3.1622727425075228
800_PHE,25.593491813323862
801_ASN,12.32587633133155
802_PHE,4.337773034953206
803_SER,21.280740934844395
804_GLN,12.629610818483735
805_ILE,5.3019735371195535
806_LEU,-8.448425333296209
807_PRO,-3.65444919710868
808_ASP,-4.030735270937077
809_PRO,-2.6748522163559985
810_SER,2.439284993363919
811_LYS,-1.6953652074519763
812_PRO,7.457420745014663
813_SER,-5.468226056354338
814_LYS,-31.10123644308519
815_ARG,-14.141340294533391
816_SER,-17.47405161959662
817_PHE,11.688770558381574
818_ILE,-52.12200800633001
819_GLU,-73.62257825164839
820_ASP,-15.86218630089427
821_LEU,-7.720532094111178
822_LEU,-11.974288887694975
823_PHE,-25.361510083733815
824_ASN,-2.2491951949984843
825_LYS,-1.4276247865909233
826_VAL,6.826197097496012
827_THR,1.8168547781380031
828_LEU,6.184932048767042
829_ALA,-6.704771416802393
830_ASP,-7.2587415108953905
831_ALA,-2.245295491669614
832_GLY,8.56208904448904
833_PHE,12.414210512281535
834_ILE,-14.418420690414594
835_LYS,-8.745103950741617
836_GLN,1.990676203976573
837_TYR,1.347967839573574
838_GLY,-32.20478783793817
839_ASP,-28.369931125069684
840_CYS,-5.172199726762828
841_LEU,-7.73312693574392
842_GLY,-11.481330515863897
843_ASP,-22.514500293116967
844_ILE,-20.418087970098554
845_ALA,-3.484304288000706
846_ALA,0.28022718299566396
847_ARG,23.437551777594983
848_ASP,5.583037375105297
849_LEU,12.062402326088575
850_ILE,20.229587059029974
851_CYS,12.687880645770084
852_ALA,18.170953710302634
853_GLN,27.65693899305292
854_LYS,20.54729486006862
855_PHE,-15.852392895405291
856_ASN,-5.459264028530797
857_GLY,-2.7005339316400647
858_LEU,10.979445186619985
859_THR,32.871649921228425
860_VAL,19.706613093869173
861_LEU,15.768599994097713
862_PRO,9.34995798480585
863_PRO,1.2135609583831104
864_LEU,6.223335976534653
865_LEU,3.930631065451204
866_THR,-17.146719786648877
867_ASP,-30.40562048883389
868_GLU,-5.064510931830847
869_MET,-10.860936441806944
870_ILE,-72.27935766207301
871_ALA,-22.810981814143968
872_GLN,-10.932307022265867
873_TYR,-61.09796361046379
874_THR,-52.20439679745391
875_SER,-3.558169618785617
876_ALA,-10.173093825440212
877_LEU,-11.788998836322532
878_LEU,-10.194950416835773
879_ALA,-12.00001717792561
880_GLY,-14.387682918968808
881_THR,-20.650375885500104
882_ILE,-15.91579451358369
883_THR,-12.539373299551727
884_SER,-26.466132063115708
885_GLY,16.143312996583205
886_TRP,58.425680638165346
887_THR,-11.5807270349321
888_PHE,-22.475077252783645
889_GLY,3.5853374326910035
890_ALA,-1.7950524438260218
891_GLY,2.058704844638446
892_ALA,-4.303213544923427
893_ALA,-15.449996751516558
894_LEU,-12.827250936960171
895_GLN,1.9140531867300958
896_ILE,-2.21992564054858
897_PRO,7.125327890049463
898_PHE,24.342763592240146
899_ALA,11.599222161655229
900_MET,49.74962784006667
901_GLN,46.07416122890972
902_MET,39.428958241340645
903_ALA,10.844369246509578
904_TYR,61.38569804581742
905_ARG,85.53485829485838
906_PHE,33.66456162564605
907_ASN,26.242897337228953
908_GLY,23.25830449444096
909_ILE,33.600188162823684
910_GLY,-1.9103780367125476
911_VAL,14.433356236977925
912_THR,2.048693604820141
913_GLN,9.799380309405862
914_ASN,-19.075089632987133
915_VAL,3.5633603016620805
916_LEU,9.902114972990612
917_TYR,-2.993591119008266
918_GLU,4.551190279996363
919_ASN,14.832638744201427
920_GLN,13.475833562864487
921_LYS,35.48816378543984
922_LEU,46.46114759944611
923_ILE,28.288856698767532
924_ALA,8.256033048571316
925_ASN,24.970353977236275
926_GLN,24.6193665233601
927_PHE,28.283970932188964
928_ASN,14.059812305329833
929_SER,10.804496631814544
930_ALA,15.703391054340324
931_ILE,11.080242649564147
932_GLY,3.9657542060885804
933_LYS,21.77241387380087
934_ILE,28.6676269842247
935_GLN,12.945914472613026
936_ASP,-2.5604503914264387
937_SER,-0.008206131476398926
938_LEU,-9.612063929350228
939_SER,-2.972212489597151
940_SER,-22.02270250745083
941_THR,-12.925794461572455
942_ALA,1.5862877222328762
943_SER,-9.63551708128103
944_ALA,13.828957479723766
945_LEU,9.066318057074582
946_GLY,23.00119988131032
947_LYS,43.73020186179902
948_LEU,27.805868741058003
949_GLN,-10.412532781734912
950_ASP,3.8918361690089425
951_VAL,28.41925792697482
952_VAL,21.3188916576191
953_ASN,2.014816290237863
954_GLN,17.108840370865835
955_ASN,39.68877422650251
956_ALA,15.190511747677998
957_GLN,27.942993119136965
958_ALA,0.9207774498675017
959_LEU,39.31878723582524
960_ASN,36.95819958816295
961_THR,23.13711400663854
962_LEU,16.721788548319147
963_VAL,42.874319625318996
964_LYS,47.381692085383314
965_GLN,26.754366797445197
966_LEU,24.574503537416486
967_SER,11.339938808054834
968_SER,-12.058596788231938
969_ASN,-14.729798021769739
970_PHE,3.1645098140253167
971_GLY,4.839079339883936
972_ALA,26.6342805364849
973_ILE,43.03056231856549
974_SER,3.2310976396311943
975_SER,30.107283805791376
976_VAL,57.040365073318334
977_LEU,31.676802419557287
978_ASN,1.492125453439288
979_ASP,33.47548701943289
980_ILE,23.68137213487458
981_LEU,-7.658715655692555
982_SER,5.777419929669215
983_ARG,8.805375584677204
984_LEU,-9.37303012530506
985_ASP,-11.11450642827984
986_PRO,-1.2637608732926777
987_PRO,-8.82220237892787
988_GLU,-3.7235575220019315
989_ALA,-30.83158704080398
990_GLU,-11.454468325543743
991_VAL,29.091943614543126
992_GLN,23.859641103101737
993_ILE,-21.41923867052639
994_ASP,-25.96239257086026
995_ARG,32.125195273903934
996_LEU,26.45843204866049
997_ILE,26.547657069240845
998_THR,21.47319329491793
999_GLY,25.109197931169923
1000_ARG,79.99691843882036
1001_LEU,39.03533205719267
1002_GLN,21.247719667109184
1003_SER,44.27391796244181
1004_LEU,54.1834386186613
1005_GLN,46.819949642694844
1006_THR,37.69319770150868
1007_TYR,60.04129247040161
1008_VAL,30.62403990074856
1009_THR,31.71064906400671
1010_GLN,36.638353448769756
1011_GLN,50.529571511958395
1012_LEU,18.094334920467475
1013_ILE,22.432064376380197
1014_ARG,28.626626577881005
1015_ALA,14.303573950084138
1016_ALA,-6.475618886317243
1017_GLU,-21.872652272433157
1018_ILE,16.44544418412093
1019_ARG,39.467027508117994
1020_ALA,-20.096610185436226
1021_SER,-28.97087283339507
1022_ALA,-19.37497635169171
1023_ASN,22.12438012208186
1024_LEU,31.650165974744333
1025_ALA,19.503977121209946
1026_ALA,39.12241439993498
1027_THR,110.961764843456
1028_LYS,71.15185181531803
1029_MET,48.282737180171516
1030_SER,36.253844646045955
1031_GLU,159.28179480974842
1032_CYS,79.85440337032735
1033_VAL,26.225865856344708
1034_LEU,58.22048186496923
1035_GLY,112.11989629762688
1036_GLN,123.6457918873992
1037_SER,53.37878728017525
1038_LYS,59.67914501324938
1039_ARG,57.975426236456975
1040_VAL,16.532872539981515
1041_ASP,41.94507587930519
1042_PHE,140.43959983526426
1043_CYS,45.72294813547231
1044_GLY,-2.38880527852434
1045_LYS,33.3175966093836
1046_GLY,30.617869150479486
1047_TYR,134.68169312966359
1048_HIS,181.82967747152443
1049_LEU,137.57750344550888
1050_MET,95.21502933983345
1051_SER,40.95598496232519
1052_PHE,12.382964623445734
1053_PRO,-59.78181452830499
1054_GLN,-68.79768438748994
1055_SER,-18.625366064702856
1056_ALA,11.59564998606579
1057_PRO,48.07018554798161
1058_HIS,60.79326105644278
1059_GLY,4.033081231386249
1060_VAL,9.011149392123595
1061_VAL,56.51231546258498
1062_PHE,105.64706100767205
1063_LEU,103.98562755239749
1064_HIS,114.6251777782959
1065_VAL,52.26623575194183
1066_THR,17.55373948115425
1067_TYR,34.141524747731296
1068_VAL,26.867498995712886
1069_PRO,5.157141338880065
1070_ALA,3.1634090650946614
1071_GLN,-9.408841620581006
1072_GLU,-19.858513723364133
1073_LYS,-3.3746580535718538
1074_ASN,7.453599037151589
1075_PHE,13.90117710713966
1076_THR,14.726466771368367
1077_THR,-0.35145953925210427
1078_ALA,3.972557597711385
1079_PRO,35.36029794617944
1080_ALA,50.368833582319
1081_ILE,22.856185891551988
1082_CYS,48.858381599913194
1083_HIS,38.87013508109351
1084_ASP,58.930408843661766
1085_GLY,39.68649744465649
1086_LYS,70.16859104106237
1087_ALA,67.40160498869159
1088_HIS,112.88871239148276
1089_PHE,39.72240901095903
1090_PRO,15.717028358360714
1091_ARG,10.660309972792314
1092_GLU,-6.821713689382002
1093_GLY,-2.1619533518325644
1094_VAL,-4.059154104295828
1095_PHE,33.28219148880548
1096_VAL,25.432872008993783
1097_SER,23.5942298450789
1098_ASN,30.31116193341332
1099_GLY,10.715524400314212
1100_THR,33.119159488797074
1101_HIS,46.13613691932577
1102_TRP,29.45983385690555
1103_PHE,7.194038784948738
1104_VAL,-0.5190405480674207
1105_THR,13.895799608473991
1106_GLN,11.054243003285341
1107_ARG,39.568348772940496
1108_ASN,0.5009653298030776
1109_PHE,-34.19032980192907
1110_TYR,-38.65108330036243
1111_GLU,-31.495057500480783
1112_PRO,-7.094025519594275
1113_GLN,-2.130365275960717
1114_ILE,18.951115938693874
1115_ILE,34.26854219246275
1116_THR,27.93498872890707
1117_THR,4.046855971296847
1118_ASP,15.670735704470083
1119_ASN,46.3463137308151
1120_THR,40.63425775388435
1121_PHE,27.349862586985346
1122_VAL,21.090976591633225
1123_SER,-0.7787645778536741
1124_GLY,6.903689569063433
1125_ASN,8.695895431922253
1126_CYS,1.207713801174177
1127_ASP,16.02434832085502
1128_VAL,29.218081885210896
1129_VAL,3.5669932160625746
1130_ILE,-3.252457934193322
1131_GLY,10.154900420312156
1132_ILE,-2.810501757854114
1133_VAL,2.075650546638033
1134_ASN,34.92446407164851
1135_ASN,19.087597806305936
1136_THR,32.181892471790235
1137_VAL,35.875194628314674
1138_TYR,16.651884871038913
1139_ASP,-8.18400213555476
1140_PRO,-14.386820191723512
1141_LEU,-6.0496422238713174
1142_GLN,-6.553909118816266
1143_PRO,-12.770134533069292
1144_GLU,-21.174041950533606
1145_LEU,-23.769263557101258
1146_ASP,-18.995465871723848
